task,arm,stage,totalInputTokens,inputTokens,cacheReadInputTokens,outputTokens,reasoningOutputTokens,costUSD,wall_seconds,session_id
paasio,retained_conversation,design,8852,8852,0,282,15,0.007908,8.510512750013731,01a0802e-2941-7f12-8e77-0490c7d4a01a
paasio,retained_conversation,implement,9155,451,8704,1067,381,0.0057925500000000005,20.16928108400316,01a0802e-2941-7f12-8e77-0490c7d4a01a
paasio,retained_conversation,review,11917,3213,8704,1830,1095,0.01129755,34.854606542008696,01a0802e-2941-7f12-8e77-0490c7d4a01a
paasio,retained_conversation,pr_draft,15105,3329,11776,138,9,0.00400095,7.722365291003371,01a0802e-2941-7f12-8e77-0490c7d4a01a
paasio,gloop_artifact_handoff,design,8860,8860,0,365,19,0.0082875,12.778013125003781,01a0802f-55fb-7760-a554-60f634db1069
paasio,gloop_artifact_handoff,implement,9214,9214,0,1257,586,0.012567,24.241393083008006,01a0802f-8b02-7e71-8107-367f0bc61cba
paasio,gloop_artifact_handoff,review,11816,4136,7680,1363,785,0.0098115,23.96801204100484,01a0802f-ecbb-7f00-8f40-6c190cce9444
paasio,gloop_artifact_handoff,pr_draft,10875,3195,7680,170,33,0.00373725,8.820016125013353,01a08030-54a3-78f3-9f99-f53ad45a55ab
grep,retained_conversation,design,8772,8772,0,318,22,0.00801,8.744996833993355,01a08031-4104-7c60-a12c-b89cc2b10909
grep,retained_conversation,implement,9104,400,8704,341,23,0.0024873,8.981482875009533,01a08031-4104-7c60-a12c-b89cc2b10909
grep,retained_conversation,review,12398,3694,8704,427,36,0.0053448,12.334525459009456,01a08031-4104-7c60-a12c-b89cc2b10909
grep,retained_conversation,pr_draft,15862,3574,12288,130,16,0.0041871,7.457529417006299,01a08031-4104-7c60-a12c-b89cc2b10909
grep,gloop_artifact_handoff,design,8780,8780,0,288,33,0.007881,14.01994558298611,01a08030-78c6-7f42-9aef-22a7ca8b336f
grep,gloop_artifact_handoff,implement,9043,1363,7680,454,109,0.00364125,11.039472666016081,01a08030-afdb-7ee2-ad2e-6926838765ba
grep,gloop_artifact_handoff,review,10053,10053,0,433,79,0.00948825,11.242478833999485,01a08030-e064-7ce0-af15-ac62e7261570
grep,gloop_artifact_handoff,pr_draft,8909,8909,0,156,41,0.00738375,11.537781874998473,01a08031-13b5-7ec2-b1fc-99814e9257fd
rest-api,retained_conversation,design,9024,1344,7680,302,31,0.002943,9.284510958997998,01a08031-e210-7872-b5d0-f7de957e0504
rest-api,retained_conversation,implement,9331,627,8704,719,37,0.00435855,18.161686709005153,01a08031-e210-7872-b5d0-f7de957e0504
rest-api,retained_conversation,review,11435,2219,9216,850,29,0.00618045,23.200242583989166,01a08031-e210-7872-b5d0-f7de957e0504
rest-api,retained_conversation,pr_draft,12369,1105,11264,115,9,0.0021910500000000004,9.358506167016458,01a08031-e210-7872-b5d0-f7de957e0504
rest-api,gloop_artifact_handoff,design,9032,1352,7680,284,46,0.002868,8.903304292005487,01a08032-d4cf-75a3-9d60-a932da5750c0
rest-api,gloop_artifact_handoff,implement,9278,1598,7680,824,41,0.0054825,16.337101708020782,01a08032-f8d7-75f2-a8ab-0af7aa4e0884
rest-api,gloop_artifact_handoff,review,11217,11217,0,966,48,0.01275975,18.88882916700095,01a08033-3dc4-7943-9258-d9ee78c7bc2b
rest-api,gloop_artifact_handoff,pr_draft,10598,2918,7680,162,23,0.0034935,13.37072479201015,01a08033-8f20-7592-9fe3-ccc020f1402a
bowling,retained_conversation,design,9311,1631,7680,318,20,0.00323025,8.751492999988841,01a08035-0c9f-7ee1-a205-4ae0a9371bbb
bowling,retained_conversation,implement,9645,429,9216,1867,1034,0.009414450000000001,30.816952749999473,01a08035-0c9f-7ee1-a205-4ae0a9371bbb
bowling,retained_conversation,review,10616,1400,9216,74,15,0.0020742,5.828507166996133,01a08035-0c9f-7ee1-a205-4ae0a9371bbb
bowling,retained_conversation,pr_draft,10788,548,10240,112,9,0.001683,5.612400083016837,01a08035-0c9f-7ee1-a205-4ae0a9371bbb
bowling,gloop_artifact_handoff,design,9319,4199,5120,280,35,0.00479325,8.565616792009678,01a08033-c3b6-7231-aff1-7f2b25d444cc
bowling,gloop_artifact_handoff,implement,9572,1892,7680,1665,973,0.0094875,33.98771245899843,01a08033-e624-7e30-bf67-4cbb9e36c2d6
bowling,gloop_artifact_handoff,review,10493,2813,7680,2105,1378,0.01215825,34.04597833400476,01a08034-6ddf-7ad3-8a8b-ff6ce59a63f3
bowling,gloop_artifact_handoff,pr_draft,9284,1604,7680,108,27,0.002265,5.690070083015598,01a08034-f637-7f72-a637-f0799f77d132
dominoes,retained_conversation,design,8731,8731,0,329,66,0.00802875,9.066582041996298,01a08035-db56-74e0-8686-ca2fc4744ced
dominoes,retained_conversation,implement,9030,838,8192,285,40,0.0025254,11.636110374995042,01a08035-db56-74e0-8686-ca2fc4744ced
dominoes,retained_conversation,review,11866,3162,8704,529,30,0.0054048,12.465848291991279,01a08035-db56-74e0-8686-ca2fc4744ced
dominoes,retained_conversation,pr_draft,12478,702,11776,168,9,0.0021657,7.733433374989545,01a08035-db56-74e0-8686-ca2fc4744ced
dominoes,gloop_artifact_handoff,design,8739,1059,7680,292,38,0.00268425,13.479182542010676,01a08036-8277-7f63-bf5c-8986931af209
dominoes,gloop_artifact_handoff,implement,9001,1321,7680,281,22,0.00283125,10.25387149999733,01a08036-b82f-7f33-a714-743599f2faed
dominoes,gloop_artifact_handoff,review,11571,3891,7680,555,60,0.00599175,12.156223124999087,01a08036-e3f6-79d2-9980-00f5b8d50445
dominoes,gloop_artifact_handoff,pr_draft,9055,1375,7680,145,40,0.00225975,8.876505457999883,01a08037-19c0-7662-aca1-464c176d402e
proverb,retained_conversation,design,8787,1107,7680,262,27,0.00258525,8.613399791996926,01a08037-e3ed-7c32-aa77-86b5e309d374
proverb,retained_conversation,implement,9058,354,8704,437,289,0.0028848000000000003,11.315589000005275,01a08037-e3ed-7c32-aa77-86b5e309d374
proverb,retained_conversation,review,10223,1519,8704,297,98,0.0031285500000000003,9.874441832973389,01a08037-e3ed-7c32-aa77-86b5e309d374
proverb,retained_conversation,pr_draft,10535,807,9728,110,9,0.0018298499999999998,6.0640715830086265,01a08037-e3ed-7c32-aa77-86b5e309d374
proverb,gloop_artifact_handoff,design,8795,603,8192,265,14,0.00225915,11.453567499993369,01a08037-3e77-7123-ab47-0a1f3da8382c
proverb,gloop_artifact_handoff,implement,9054,1374,7680,317,194,0.003033,9.001584707992151,01a08037-6aec-7391-a968-fc4de2038a5e
proverb,gloop_artifact_handoff,review,9946,2266,7680,218,37,0.0032565,11.262305542011745,01a08037-9713-7ee3-9c97-50af89f02ef2
proverb,gloop_artifact_handoff,pr_draft,9288,9288,0,175,37,0.0077535,7.25406566701713,01a08037-c762-74f0-874c-d3989378aa07
